organization,alternative_name,records_lost,year,month,story,sector,method,data_sensitivity,displayed_records,source_name,id
Plex,NULL,15000000,2022,Aug,"Intruders access password data, usernames, and emails for at least half of its 30 million users.",web,hacked,1,NULL,Ars technica,1
Twitter,NULL,5400000,2021,Dec,"Zero day vulnerability allowed a threat actor to create profiles of 5.4 million Twitter users inc. a verified phone number or email address, and scraped public information, such as follower counts, screen name, login name, etc",web,hacked,2,NULL,Bleeping Computer,2
Shanghai Police,NULL,500000000,2022,Jul,"A database containing records of over a billion Chinese civilians – allegedly stolen from the Shanghai Police. Addresses, police records and national ID numbers. Potentially one of the largest data breaches in history. Details repressed and censored by Chinese media.",financial,hacked,5,1000000000,The Register,3
"City of Amagasaki, Japan",NULL,500000,2022,Jun,An unnamed government official lost his bag after a night's drinking. It contained a USB stick with sensitive data of the entire city's residents. USB stick was encrypted and passworded.,government,oops!,3,NULL,BBC,4
Dubai Real Estate Leak,NULL,800000,2022,May,"Data leak exposes how criminals, officials, and sanctioned politicians poured money into Dubai real estate including more than 100 members of Russia's political elite, public officials, or businesspeople close to the Kremlin, as well as dozens of Europeans implicated in money laundering and corruption",financial,inside job,1,NULL,E24,5
Heroku,NULL,50000,2022,Apr,"A compromised token was used by attackers to exfiltrate customers' hashed and salted passwords from ""a database."" on the Salesforce-owned cloud platform.",tech,hacked,2,NULL,Bleeping Computer,6
Mailchimp,NULL,106586,2022,Apr,Hackers gained access to internal customer support and account management tools of the email marketing company to steal audience data and conduct phishing attacks.,tech,hacked,1,NULL,Bleeping Computer,7
PayHere,NULL,1580249,2022,Mar,"Sri Lankan payment gateway PayHere suffered a data breach exposing more than 65GB of payment records including over 1.5M unique email addresses. (IP and physical addresses, names, phone numbers, purchase histories and partially obfuscated credit card data (card type, first 6 and last 4 digits plus expiry date).",financial,hacked,3,NULL,Pay Here,8
CDEK,NULL,18218203,2022,Mar,"UNVERIFIED. Russian courier service CDEK was hacked by Ukrainian hacker group ""IT Army"" - including 19M unique email addresses along with names and phone numbers. ",retail,hacked,3,NULL,Have I Been Pwned,9
Washington State Dpt of Licensing,NULL,257000,2022,Feb,The Washington State Department of Licensing said the personal information of potentially millions of licensed professionals may have been exposed after it detected suspicious activity on its online licensing system.,government,hacked,3,19000000,Seattle Times,10
Red Cross,NULL,500000,2022,Jan,"A network intrusion at the International Committee for the Red Cross (ICRC) in January led to the theft of personal information on more than 500,000 people receiving assistance from the group. KrebsOnSecurity has learned that the email address used by a cybercriminal actor who offered to sell the stolen ICRC data also was used to register multiple domain names the FBI says are tied to a sprawling media influence operation originating from Iran.",NGO,hacked,4,NULL,Arsetechnia,11
Open Subtitles,NULL,100000,2022,Jan,NULL,web,hacked,1,NULL,Open Subtitles,12
FlexBooker,NULL,3700000,2022,Jan,appointment scheduling service,web,hacked,3,3700000,Bleeping Computer,13
LINE Pay,NULL,133000,2021,Dec,NULL,financial,poor security,2,NULL,The Register,14
Robinhood,NULL,5000937,2021,Nov,"a malicious hacker had socially engineered a customer service representative over the phone November 3 to get access to customer support systems. That allowed the hacker to obtain customer names and email addresses, but also the additional full names, dates of birth and ZIP codes of 310 customers.",financial,hacked,2,5000000,Tech Crunch,15
GoDaddy,NULL,1200000,2021,Nov,Security Incident Affecting Managed WordPress Servic,web,hacked,1,NULL,SEC,16
Travelio,NULL,471376,2021,Nov,"The Indonesian real estate website Travelio suffered a data breach of over 470k customer accounts. The data included email addresses, names, password hashes, phone numbers and for some accounts, dates of birth, physical address and Facebook auth tokens. ",misc,hacked,2,470000,HaveIBeenPwned,17
Acer,NULL,3000000,2021,Oct,NULL,tech,hacked,1,NULL,Hot Hardware,18
Brewdog,NULL,200000,2021,Oct,"BrewDog, one of the world's largest craft beer brewers, has exposed personally identifiable information (PII) belonging to more than 200,000 of its shareholders and customers,",retail,poor security,1,NULL,Tech Radar,19
Nvidia,NULL,100000,2021,Mar,NULL,tech,hacked,2,NULL,CNN Business,20
Okta,NULL,100000,2021,Jan,Identity and access management provider Okta,tech,hacked,1,NULL,The Verge,21
Experian SA,South Africa,24000000,2020,Jul,Handed over personal information of their South African customers to a fraudulent client.,web,oops!,3,NULL,Uni of Hawaii,22
Royal Enfield,NULL,420873,2020,Jan,"Motorcycle maker Royal Enfield left a database publicly exposed that resulted in the inadvertent publication of over 400k customers. (Email and physical addresses, names, motorcycle information, social media profiles, passwords, and other personal information)",transport,poor security,3,NULL,The Quint,23
Avvo,NULL,4101101,2019,Dec,"A data breach of the lawyer directory service released 4.1M unique email addresses alongside SHA-1 hashes, most likely representing user passwords. ",legal,hacked,1,4100000,HaveIBeenPwned,24
Aimware,NULL,305470,2019,May,"Video game cheats website ""Aimware"" suffered a data breach of subscribers' personal information (email and IP addresses, usernames, forum posts, private messages, website activity and passwords stored as salted MD5 hashes)",gaming,hacked,3,NULL,HaveIBeenPwned,25
Twitch,NULL,10000000,2021,Oct,"Full source code breach of the streaming gaming site revealed a trove of internal data & documents including core config packages, devtools, and payments to top streamers. ",gaming,hacked,4,NULL,BBC,26
Syniverse,NULL,500000000,2021,Sep,"""A company that is a critical part of the global telecommunications infrastructure used by AT&T, T-Mobile, Verizon and several others around the world such as Vodafone and China Mobile, quietly disclosed that hackers were inside its systems for years, impacting more than 200 of its clients and potentially millions of cellphone users worldwide.""",telecoms,hacked,4,NULL,Vice,27
Pandora Papers,NULL,11900000,2021,Oct,"Millions of documents reveal offshore deals and assets of more than 100 billionaires, 30 world leaders and 300 public officials",government,hacked,4,NULL,Guardian,28
Neiman Marcus,NULL,4600000,2021,Sep,"Occurred sometime in May 2020 after ""an unauthorized party"" obtained the personal information of some Neiman Marcus customers from their online accounts.",retail,hacked,3,NULL,Ars Technica,29
Epik,NULL,15000000,2021,Sep,"An Internet-services company for concealing online identities, popular with the far right ",retail,hacked,5,NULL,Ars Technica,30
Thailand visitors,NULL,100000000,2021,Sep,Any foreigner who has travelled to Thailand in the last decade ‘might have had their information exposed’,government,poor security,2,100000000,South China Morning Post,31
T-Mobile ,NULL,76000000,2021,Aug,"Exposed the names, date of birth, Social Security number and driver’s license/ID information of more than 40 million current, former or prospective customers who applied for credit with the company. T-mobile paid a $500m settlement.",telecoms,hacked,3,NULL,Krebson Security,32
Contact tracing data,NULL,38000000,2021,Aug,"A thousand web apps mistakenly exposed 38 million records on the open internet, including data from a number of Covid-19 contact tracing platforms, vaccination sign-ups, job application portals, and employee databases.",telecoms,hacked,3,38000000,Wired,33
Estonian gov,NULL,280000,2021,Jul,"A hacker was able to obtain over 280,000 personal identity photos following an attack on the state information system last Friday.",government,hacked,4,NULL,News ERR,34
Guntrader,UK firearms sales website,111000,2021,Jul,"Criminals have hacked into a Gumtree-style website used for buying and selling firearms, making off with a 111,000-entry database containing names, mobile phone numbers, email addresses, user geolocation data, and more including bcrypt-hashed passwords used by gun shops across the UK.",retail,hacked,2,NULL,The Register,35
Linkedin,NULL,700000000,2021,Jul,"The hacker appears to have misused the official LinkedIn API to scrape the data, the same method used in a similar breach back in April. User details, but no passwords.",web,hacked,1,700000000,9 to 5 mac,36
VW,NULL,3300000,2021,Jun,"Phone numbers, email addresses and some sensitive credit data. Nearly all those impacted were current or potential customers of Audi, one of the German automaker's luxury brands",transport,hacked,2,NULL,Reuters,37
MacDonalds,NULL,10000000,2021,Jun,Unknown detail,retail,hacked,2,NULL,Wall St Journal,38
Air India,NULL,4500000,2021,May,"Passenger’s name, date of birth, contact information, passport information, ticket information, frequent flyer data and credit card information.",transport,hacked,2,NULL,Indian Express,39
Omiai dating app,Japanese dating app,1710000,2021,May,"Addresses and dates of birth from identification, including passports, drivers’ licenses and health insurance cards, provided to the company.",app,hacked,2,NULL,Japan Times,40
Amazon Reviews,NULL,13124962,2021,May,Database exposing an organized fake reviews scam affecting Amazon. The server contained a treasure trove of direct messages between Amazon vendors and customers willing to provide fake reviews in exchange for free products,web,poor security,2,NULL,Safety Detectives,41
Peloton,NULL,3000000,2021,May,NULL,tech,poor security,2,NULL,Ars Technica,42
Digital Ocean,NULL,10000000,2021,Apr,NULL,tech,poor security,NULL,NULL,Tech Crunch,43
Park Mobile,mobile parking app,21000000,2021,Apr,"Customer email addresses, dates of birth, phone numbers, license plate numbers, hashed passwords and mailing addresses.",transport,hacked,2,NULL,Krebson Security,44
Ubiquiti,NULL,16000000,2021,Feb,Unknown amount of user data breached,tech,hacked,2,NULL,ZDNet,45
Meet Mindful,NULL,2240000,2021,Feb,"Dating site user data includes real names, phone numbers, Facebook account codes, latitude & longtitude. Thankfully private messages were not leaked.",tech,hacked,4,NULL,ZDnet,46
Experian Brazil,NULL,220000000,2021,Feb,Details hazy,finance,hacked,2,220000000,ZDNet,47
Gab,NULL,4000000,2021,Mar,"Over 70GB of data from the far-right social media site was hacked. Alll posts, messages, passwords from all users were breached.",tech,hacked,3,100000,Wired,48
Star Alliance,NULL,16000000,2021,Mar,"The Star Alliance of airlines including Singapore Airlines, Lufthansa and United, said on Thursday it had been the victim of a cyber attack leading to a breach of passenger data. Lufthansa, Cathay Pacific and Air New Zealand were also affected. Breached data was limited to ""name, tier status and membership number”",transport,hacked,1,NULL,The Guardian,49
Facebook,NULL,533000000,2021,Mar,"Phone numbers, full names, locations, email addresses, and biographical information on 533 million users from 106 countries. Scraped due to a vulnerability ""patched in 2019"".",tech,hacked,1,533000000,Business Insider,50
Ledger,NULL,270000,2020,Dec,A threat actor has leaked the stolen email and mailing addresses for Ledger cryptocurrency wallet users on a hacker forum for free.,finance,hacked,2,NULL,Bleeping Computer,51
T-mobile,NULL,200000,2020,Dec,"The information exposed in this breach includes phone numbers, call records, and the number of lines on an account.",telecoms,hacked,1,NULL,Bleeping Computer,52
The Hospital Group,NULL,1000000,2020,Dec,Hackers compromised the plastic surgery firm and threatened to release over 900 gigabytes of private surgery photographs. ,health,hacked,4,NULL,BBC,53
SolarWinds,NULL,50000000,2020,Dec,"Suspected Russian hackers compromised network monitoring software used by the Pentagon, intelligence agencies, nuclear labs and many Fortune 500 companies. A tainted software update acted as a trojan horse. An unknown number of companies and individuals might be affected.",app,hacked,3,NULL,New York Times,54
Ho Mobile,NULL,2500000,2020,Dec,"Italian mobile operator owned by Vodaphone is now taking the rare step of offering to replace the SIM cards of all affected customers. Data hacked full names, telephone numbers, social security numbers, email addresses, dates and places of birth, nationality, and home addresses.",telecoms,hacked,2,NULL,ZD Net,55
Spotify,NULL,500000,2020,Dec,Undisclosed number of users had their email addresses and passwords left open online. Spotify said the vulnerability existed as far back as April 9 but wasn’t discovered until November 12.,app,oops!,1,NULL,Tech Crunch,56
Drizly,NULL,2400000,2020,Sep,"Alcohol delivery service hacked with email addresses, DOB, hashed passwords and some home addresses leaked. ",app,hacked,2,NULL,Tech Crunch,57
GEDmatch,NULL,1400000,2020,Sep,DNA data on up to 1.4m users of this geneaology site may have been hacked.,"misc, health",hacked,5,NULL,New York Times,58
Call of Duty / Activision,NULL,500000,2020,Sep,Login data for users of the popular video games may have compromised. Activision refutes the claim. ,gaming,hacked,1,NULL,Forbes,59
Zhenhua,NULL,2400000,2020,Sep,Personal details of millions of notable people around the world found in a leaked database compiled by a Chinese tech company with reported links to the country’s military and intelligence networks. Mostly compiled from social media profiles.,misc,oops!,1,NULL,The Guardian,60
Cense AI,NULL,2500000,2020,Aug,Medical records from an artificial intelligence company were left open online.,"tech, health",poor security,4,NULL,PC Mag,61
Nintendo,NULL,300000,2020,Apr,Unauthorised access to thousands of Nintendo Switch accounts. Hackers were able to use saved payment details to make purchases.,gaming,hacked,3,300000,Tech Crunch,62
Pakistani mobile operators,NULL,115000000,2020,Apr,Personal details stolen from Jazz and other mobile networks were put up for sale for $2.1m in bitcoin.,telecoms,hacked,2,115000000,ZDNet,63
US Marshals Service,NULL,387000,2020,May,Prisoners had sensitive personal data stolen in December 2019. They were notified five months later.,government,hacked,2,287000,NextGov,64
db8151dd,"""mystery breach""",22000000,2020,May,"Aggregated data from multiple websites was discovered in an open database. It included addresses, job titles, phone numbers and social media profiles. The breach was dubbed 'db8151dd'.",web,hacked,2,22000000,9 to 5 Mac,65
EasyJet,NULL,9000000,2020,May,"The airline became aware of a hack in January, but didn't notify customers until April. Email addresses, travel details and credit card details were stolen. ",transport,hacked,3,9000000,BBC,66
Microsoft,NULL,250000000,2020,Jan,Customer support records spanning 14 years were left online without password protection. ,web,poor security,1,250000000,Forbes,67
Dutch Government,NULL,6900000,2020,Mar,"Two hard drives with data from 6.9m registered organ donors went missing. They contained contact details, ID numbers & signatures.",government,lost device,4,6900000,ZDNet,68
Virgin Media,NULL,900000,2020,Mar,"A poorly-configured database left names, email addresses and phone numbers exposed for 10 months. ",retail,poor security,1,900000,BBC ,69
Boots Advantage Card,NULL,150000,2020,Mar,"Hackers accessed Advantage Card records, but no financial data was stolen. Payment using points was suspended.",retail,hacked,1,150000,Which,70
Tesco Clubcard,NULL,600000,2020,Mar,"Details of accrued loyalty points were accessed, but financial details weren't exposed.",retail,hacked,1,600000,Tech Radar,71
Marriott Hotels,NULL,5200000,2020,Mar,Guest records were accessed using the logins of two employees between mid-Jan and end of Feb. ,retail,inside job,2,5200000,Marriott,72
Zoom,NULL,500000,2020,Apr,"Email addresses, passwords and personal meeting URLs were sold on the dark web. It led to a host of zoom-bombing pranks. ",app,hacked,1,500000,We Live Security,73
Israeli government,NULL,6500000,2020,Feb,"Names, addresses, and ID card numbers of every Israeli voter were found on an insecure website belonging to Elector, a political communications app.",government,poor security,2,6500000,NYTimes,74
MGM Hotels,NULL,10600000,2020,Feb,Data stolen during an 2019 hack of an MGM server was published on a hacking forum.,retail,hacked,2,10600000,ZDNet,75
Buchbinder Car Rentals,NULL,5000000,2020,Jan,"Correspondence, invoices and contracts containing personal details were left exposed on an unsecured company server. ",transport,poor security,2,5000000,Teller Report,76
Wawa,fuel & convenience store chain,30000000,2019,Dec,"Card-stealing malware was installed, and remained undiscovered for nine months. ",retail,hacked,3,30000000,Krebs on Security,77
Desjardins Group,NULL,4200000,2019,Jun,"An employee of the Canadian financial firm leaked customer information outside the organisation: names, addresses, birthdates, social insurance numbers & transaction habits.",finance,inside job,2,NULL,CBC,78
US Customs and Border Protection,NULL,100000,2019,Jun,Photos of faces and license plates taken at an US border crossing were stolen in a cyberattack on a surveillance contractor.,government,hacked,2,NULL,Washington Post,79
Quest Diagnostics,NULL,20000000,2019,Jun,"For an 8 month period, a hacker group stole personal and payment information from a firm providing billing services for the US healthcare sector.",health,poor security,4,NULL,ZDNet,80
Australian National University,NULL,200000,2019,Jun,"A hacker accessed personal information including addresses, bank account details, payroll information and academic records. Staff, students and visitors were affected.",academic,hacked,4,NULL,Guardian,81
Canva,NULL,139000000,2019,May," Names, email addresses and location data belonging to users of an Australian graphic design service were stolen by a hacker.",web,hacked,2,139000000,ZDNet,82
Chtrbox,Instagram Influencers,49000000,2019,May,"Contact details for millions of Instagram influencers, celebrities and brand accounts was left exposed in an online database for at least six days.",misc,poor security,1,NULL,Techcrunch,83
WiFi Finder,A hotspot finder app,2000000,2019,Apr,"An Android app for finding local WiFi passwords inadvertently provided access to the entire database, including domestic WiFi points.",app,poor security,1,NULL,Techcrunch,84
Toyota,NULL,3100000,2019,Apr,A security breach of Toyota subsidiaries' IT systems may have leaked personal customer information.,transport,hacked,2,NULL,Bleeping Computer,85
Unknown,Open database in China,1800000,2019,Mar,"A Dutch researcher found women's personal information in an open Chinese database. It included phone numbers, addressed and their ""BreedReady"" status, whatever that might be.",web,poor security,4,NULL,The Guardian,86
Vårdguiden,Sweden's healthcare hotline,2700000,2019,Feb,"170,000 hours of sensitive calls to Sweden's healthcare hotline were stored on an open web server with no encryption or authentication. The breach was blamed on subcontractor Medicall.",health,poor security,5,NULL,ComputerSweden,87
Dubsmash,NULL,162000000,2019,Feb,"Part of the theft of 617 million online account details from 16 hacked websites, put up for sale on the dark web.",web,hacked,1,162000000,The Register,88
ShareThis,NULL,41000000,2019,Feb,"Part of the theft of 617 million online account details from 16 hacked websites, put up for sale on the dark web.",web,hacked,1,NULL,The Register,89
HauteLook,NULL,28000000,2019,Feb,"Part of the theft of 617 million online account details from 16 hacked websites, put up for sale on the dark web.",retail,hacked,1,NULL,The Register,90
Animoto,NULL,25000000,2019,Feb,"Part of the theft of 617 million online account details from 16 hacked websites, put up for sale on the dark web.",web,hacked,1,NULL,The Register,91
EyeEm,NULL,22000000,2019,Feb,"Part of the theft of 617 million online account details from 16 hacked websites, put up for sale on the dark web.",web,hacked,1,NULL,The Register,92
8fit,NULL,20000000,2019,Feb,"Part of the theft of 617 million online account details from 16 hacked websites, put up for sale on the dark web.",web,hacked,1,NULL,The Register,93
Whitepages,NULL,18000000,2019,Feb,"Part of the theft of 617 million online account details from 16 hacked websites, put up for sale on the dark web.",web,hacked,1,NULL,The Register,94
Fotolog,NULL,16000000,2019,Feb,"Part of the theft of 617 million online account details from 16 hacked websites, put up for sale on the dark web.",web,hacked,1,NULL,The Register,95
Armor Games,NULL,11000000,2019,Feb,"Part of the theft of 617 million online account details from 16 hacked websites, put up for sale on the dark web.",gaming,hacked,1,NULL,The Register,96
BookMate,NULL,8000000,2019,Feb,"Part of the theft of 617 million online account details from 16 hacked websites, put up for sale on the dark web.",web,hacked,1,NULL,The Register,97
CoffeeMeetsBagel,NULL,6000000,2019,Feb,"Part of the theft of 617 million online account details from 16 hacked websites, put up for sale on the dark web.",web,hacked,1,NULL,The Register,98
Artsy,NULL,1000000,2019,Feb,"Part of the theft of 617 million online account details from 16 hacked websites, put up for sale on the dark web.",web,hacked,1,NULL,The Register,99
DataCamp,NULL,700000,2019,Feb,"Part of the theft of 617 million online account details from 16 hacked websites, put up for sale on the dark web.",web,hacked,1,NULL,The Register,100
Ixigo,NULL,18000000,2019,Feb,Part of the theft of 127 million online account details from 8 hacked websites. They were put up for sale on the dark web 1 week after a similar tranche of 617 million records from 16 other websites.,transport,poor security,1,NULL,Techcrunch,101
YouNow,NULL,40000000,2019,Feb,Part of the theft of 127 million online account details from 8 hacked websites. They were put up for sale on the dark web 1 week after a similar tranche of 617 million records from 16 other websites.,web,hacked,1,NULL,Techcrunch,102
Houzz,NULL,57000000,2019,Feb,Part of the theft of 127 million online account details from 8 hacked websites. They were put up for sale on the dark web 1 week after a similar tranche of 617 million records from 16 other websites.,retail,hacked,2,NULL,Techcrunch,103
Ge.tt,NULL,1800000,2019,Feb,Part of the theft of 127 million online account details from 8 hacked websites. They were put up for sale on the dark web 1 week after a similar tranche of 617 million records from 16 other websites.,web,hacked,1,NULL,Techcrunch,104
Coinmama,NULL,450000,2019,Feb,Part of the theft of 127 million online account details from 8 hacked websites. They were put up for sale on the dark web 1 week after a similar tranche of 617 million records from 16 other websites.,finance,hacked,1,NULL,Techcrunch,105
Roll20,NULL,4000000,2019,Feb,Part of the theft of 127 million online account details from 8 hacked websites. They were put up for sale on the dark web 1 week after a similar tranche of 617 million records from 16 other websites.,gaming,hacked,1,NULL,Techcrunch,106
Stronghold Kingdoms,NULL,5000000,2019,Feb,Part of the theft of 127 million online account details from 8 hacked websites. They were put up for sale on the dark web 1 week after a similar tranche of 617 million records from 16 other websites.,gaming,hacked,1,NULL,Techcrunch,107
Petflow,NULL,1000000,2019,Feb,Part of the theft of 127 million online account details from 8 hacked websites. They were put up for sale on the dark web 1 week after a similar tranche of 617 million records from 16 other websites.,retail,poor security,1,NULL,Techcrunch,108
500px,NULL,14800000,2019,Feb,"A July 2018 hack exposed the personal information of all 500px users, including names, usernames, email addresses, encrypted passwords, location, birth date, and gender.",web,hacked,2,NULL,PetaPixel,109
Blur,password manager,2400000,2019,Jan,"A server belonging to the password manager service contained a freely accessible file with users' email addresses, names and encrypted passwords.",tech,oops!,1,NULL,ZDNet,110
Blank Media Games,NULL,7600000,2019,Jan,"A hacker stole usernames, email addresses and encrypted passwords belonging to players of the game ""Town of Salem"" from an insecure server.",gaming,hacked,1,NULL,ZDNet,111
Indian citizens,NULL,275265298,2019,May,"The discovery of a huge, unprotected MongoDB database containing personal information of Indian citizens, including their education, resume and current salary.
",web,poor security,2,275000000,Bleeping Computer,112
Bulgarian National Revenue Agency,NULL,5000000,2019,Jul,"A hacker stole personal details of Bulgarian citizens from 110 government databases. 5m records, out of a total population of 7m.",government,hacked,2,NULL,ZDNet,113
Capital One,NULL,100000000,2019,Jul,"The massive data breach included personal information from credit card applications over a 14-year period. A former Amazon employee, Paige Thompson, 36, was found guilty of wire fraud.",finance,hacked,3,100000000,Forbes,114
Suprema,biometrics security company,27800000,2019,Aug,"A biometric security company stored unencrypted usernames and passwords, fingerprints and facial recognition information on a publicly accessible database.",tech,poor security,5,NULL,Guardian,115
Facebook,NULL,419000000,2019,Sep,"Several unprotected databases were found to contain the phone numbers of around 20% of all Facebook users, with (in some cases) names and locations.",web,poor security,2,420000000,Fast Company,116
DoorDash,food delivery company,4900000,2019,Sep,"Users who joined the platform before April 2018 had their names, email addresses, order history, phone numbers and encrypted passwords stolen in a hack.",transport,hacked,2,4900000,Techcrunch,117
BriansClub,site selling stolen card data,26000000,2019,Oct,"A site selling stolen payment card data was hacked and 26 million records were leaked. Banks were able to invalidate those cards, taking around 1/3 of the world's stolen cards out of circulation.",web,hacked,3,26000000,Ars Technica,118
OxyData,NULL,380000000,2019,Nov,"Information compiled by a data aggregation firm were found on an insecure server. It included complete scrapes of LinkedIn data, including recruiter information.",tech,poor security,2,380000000,Dataviper,119
Click2Gov,NULL,300000,2018,Dec,Vulnerabilities in government payment software allowed hackers to access financial records and personal data across 46 US cities.,finance,hacked,3,NULL,Fortune,120
SingHealth,NULL,1500000,2018,Jul,"Hackers stole personal details of 1.5 million patients, as well as the prescription details of 160,000 people, including prime minister Lee Hesien Loong.",health,hacked,4,NULL,Straits Times,121
GovPayNow.com,Government Payment Service Inc,14000000,2018,Sep,"A company used by US government agencies to accept online payments exposed personal records via a standard web browser, including addresses, phone numbers and credit card digits.",finance,poor security,2,NULL,Krebs on Security,122
Cathay Pacific Airways,NULL,94000000,2018,Oct,"Stolen data included names, nationalities, birth dates, phone numbers, addresses, passport & identity card numbers & expired credit card numbers.",transport,hacked,3,NULL,ABC News,123
Chinese resume leak,NULL,202000000,2018,Dec,"Information thought to have been scraped from Chinese jobseeking websites was found in an insecure database. It included resumes, phone numbers, height, weight, driving license & literacy level.",web,poor security,2,202000000,HackenProof,124
Google+,NULL,52500000,2018,Dec,"A vulnerability exposed users' personal details to developers, even if their profiles were set to private. As a result, Google shut down the consumer version of the social network 4 months early.",web,poor security,2,NULL,The Verge,125
Quora,NULL,100000000,2018,Dec,"Login details and private messages were compromised by ""a malicious third party"".",web,hacked,1,100000000,NY Times,126
Marriott International,NULL,383000000,2018,Nov,"Hackers breached the reservation system of all Starwood hotels, including Sheraton, Westin and Le Meridien. Personal information, credit card details and passport info dating back to 2014 was stolen.",retail,hacked,3,383000000,"NY Times, CNET",127
NMBS,Belgian national railway operator,700000,2018,Dec,"Customer names, gender, birth dates, email and postal address data were left on a publicly searchable server belonging to the Belgian rail authority. Caused by a data worker “clicking on the wrong button”.",transport,oops!,2,NULL,Flanders Today,128
Facebook,NULL,50000000,2018,Mar,"Cambridge Analytica, headed at the time by Steve Bannon, harvested profiles in early 2014 to build a system that could profile US voters and target them with political adverts.",web,hacked,1,50000000,Guardian,129
Panerabread,NULL,37000000,2018,Apr,"Customer records, including loyalty card numbers, were available via the bakery chain's website for at least 8 months. The firm claims 10k records were leaked. Security researchers put the figure at over 37 million. ",retail,poor security,2,NULL,"Krebsonsecurity, Medium",130
Dixons Carphone,NULL,10000000,2018,Jun,The firm admitted that hackers were able to access the details of 10m customers and 6m payment cards.,telecoms,hacked,1,NULL,BBC,131
MyHeritage,NULL,92283889,2018,Jun,The genealogy site received a message from a researcher who had discovered over 92m email addresses and encrypted passwords on an external server.,web,hacked,1,NULL,Bloomberg,132
Saks and Lord & Taylor,Both owned by Hudson's Bay Company,5000000,2018,Apr,"A known ring of cybercriminals implanted software into store cash registers, siphoning off credit card details from readers.",retail,hacked,3,NULL,NYTimes,133
Careem,Dubai-born ride hailing service,14000000,2018,Apr,"The Dubai-based ride hailing service admitted that names, email addresses, phone numbers and trip data had been accessed in what it called a ""cyber incident"".",app,hacked,2,NULL,Khaleej Times,134
Texas voter records,NULL,14800000,2018,Aug,"A single file containing 14.8 million voter records was found on an unsecured server. It was thought to have been originally compiled by Data Trust, a Republican-focused data analytics firm.",web,poor security,2,NULL,TechCrunch,135
British Airways,NULL,380000,2018,Sep,The personal and financial details of customers who booked flights in a two-week period over the summer were compromised.,transport,hacked,4,NULL,Guardian,136
T-Mobile,NULL,2000000,2018,Aug,"Personal data along with passwords encrypted by a notoriously weak algorithm (MD5) were stolen. The firm initially failed to disclose the password breach, ""because they were encrypted"".",telecoms,hacked,1,NULL,Motherboard,137
MyFitnessPal,UnderArmour,150000000,2018,Mar,"A breach of usernames, email addresses, and hashed passwords belonging to users of the fitness app.",app,hacked,1,150000000,Guardian,138
Helse Sør-Øst RHF,Health authority responsible for 10 Norwegian counties.,3000000,2018,Feb,Patient records of more than half of Norway's population were stolen. The hack is thought to have happened via old computers running Windows XP.,health,hacked,4,NULL,It Governance,139
Nametests,Facebook quiz app owned by Social Sweethearts,120000000,2018,Jun,"A security failure in a ""personality test"" app on Facebook left millions of people’s data publicly exposed for almost two years – even after they had deleted the app.",app,poor security,1,120000000,Medium,140
Ticketmaster,NULL,40000,2018,Jun,The data was stolen via an attack on a third-party customer support firm. It was likely to have affected UK customers who bought tickets between Feb and Jun 2018.,web,hacked,3,NULL,BBC News,141
Firebase,A service from Google,100000000,2018,Jun,"Misconfigured databases used by app developers were found to be exposing 113GB of personal data, accumulated by thousands of iOS and Android mobile apps.",app,poor security,5,100000000,Bleeping Computer,142
Aadhaar,"India's national, biometric government ID database",550000000,2018,Mar,"India's biometric database was breached via a leak at a state-owned utility company. All registered Indian citizens were affected; their names, identity numbers and bank details were exposed. Data later found for sale on WhatsApp for less than £6.",government,poor security,4,1100000000,ZDNet,143
Grindr,NULL,3000000,2018,Mar,"A third-party tool that allows users to see who had blocked them was able to access non-public personal info, including locations of users who had opted out of location sharing.",app,poor security,3,NULL,NBC News,144
Orbitz,NULL,880000,2018,Mar,"An legacy version of the travel website was hacked, exposing personal details and payment card info of people who'd made purchases in 2016 and 2017. Orbitz is now owned by Expedia.",web,hacked,3,NULL,US News,145
MBM Company,Limogés Jewellery,1300000,2018,Mar,"An insecure customer database belonging to the jewellery firm exposed postal addresses, email addresses, IP addresses and plain-text passwords. ",retail,poor security,4,NULL,NextWeb,146
LocalBlox,datasearch service,48000000,2018,May,"A cloud storage repository was left publically accessible. Data included names, addresses, DOBs, and other information scraped from social media websites including Facebook.",web,poor security,2,NULL,UpGuard,147
Twitter,NULL,330000000,2018,May,A glitch caused some passwords to be stored in readable text that was visible on Twitter's internal computer system.,tech,poor security,1,330000000,Reuters,148
ViewFines,South African traffic fines database,934000,2018,May,"Data originating with a South African traffic fine payment firm was leaked online. It included names, national ID numbers, cell numbers, email addresses and plain text passwords.",transport,oops!,4,NULL,iAfrikan,149
TicketFly,NULL,27000000,2018,May,"Names, addresses, email addresses and phone numbers were stolen from the ticketing firm. Ransom demands were made. The FBI indicted a suspect in February 2020. ",web,hacked,2,NULL,The Verge,150
Amazon,NULL,5000000,2018,Nov,"A ""technical issue"" inadvertently caused customer names & email addresses to be posted to the Amazon website just prior to Black Friday.",retail,oops!,1,NULL,Guardian,151
Urban Massage,Home massage app,309000,2018,Nov,"An online database with no password protection contained thousands of customer records, including names, email addresses, phone numbers and sexual misconduct complaints.",app,poor security,2,NULL,Tech Crunch,152
Dell ,NULL,100000,2018,Nov,"Dell detected and disrupted unauthorized attempts to extract customer names, email addresses & hashed passwords. The number of affected customers was not disclosed.",tech,hacked,1,NULL,ZD Net,153
High Tail Hall,erotic role-playing site,411000,2018,Nov,"Hackers obtained email addresses, names, order histories, hashed passwords, physical and IP addresses for users of an ""erotic role-playing game"".",web,hacked,2,NULL,Daily Mail,154
SKY Brasil,NULL,32000000,2018,Nov,"Poorly configured servers exposed customer details – including payment methods – for long enough to make their theft ""likely"".",telecoms,poor security,1,NULL,Bleeping Computer,155
Vision Direct,UK opticians,16300,2018,Nov,"A 5-day data breach saw attackers steal personal information, passwords and CVV security codes. ",retail,hacked,4,NULL,BBC,156
Medicare & Medicaid,Centers for Medicare & Medicaid Services,93689,2018,Nov," ""Sensitive"" information on applicants for US healthcare plans was hacked. It included names, birth dates, addresses, expected income & health insurance status.",health,hacked,2,NULL,HCA News,157
Facebook,NULL,29000000,2018,Oct,"The biggest hack in Facebook's history to date. Names, birth dates, phone numbers, search history and location data was stolen by hackers masquerading as a digital marketing company. ",web,hacked,2,NULL,"Business Insider, Facebook",158
Newegg,NULL,45000000,2018,Sep,Hackers injected 15 lines of card skimming code on the online retailer's payments page. It remained online for more than a month. ,retail,hacked,3,NULL,TechCrunch,159
Mount Olympus,mortgage lender,1100,2016,Mar,An employee stole client information and loan files and took them with him when he went to work for a competitor. Mount Olympus later awarded $25m in damages. ,finance,inside job,5,188000,Housing Wire,160
Apollo,intelligence firm,200000000,2018,May,"Data scraping company left a database exposed online, revealing 200 million contacts, 10 million companies and 9 billion ""data points"".",tech,poor security,1,200000000,Wired,161
Disqus,NULL,17500000,2017,Dec,Hackers stole 17.5m email addresses in 2012. About a third of those records included passwords hashed using a weak algorithm.,web,hacked,4,NULL,ZD Net,162
RootsWeb,NULL,300000,2017,Dec,"Data on a ""leaky server"" belonging to Ancestry.com's community-driven site RootsWeb was exposed. Passwords, email addresses and usernames were leaked.",web,poor security,4,NULL,Threat Post,163
Yahoo,NULL,32000000,2017,Mar,"For two years, hackers used forged cookies to log into millions of Yahoo accounts without a password. ",web,hacked,4,NULL,CNet,164
Uber,NULL,57000000,2017,Nov,"Uber concealed an October 2016 leak of personal information for more than a year. They paid hackers $100,000 to delete the stolen data. The chief security officer resigned.",app,hacked,1,57000000,Bloomberg,165
Wonga,NULL,270000,2017,Apr,"The firm reported unauthorised access to names, addresses, phone numbers and bank account details relating to British and Polish customers.",finance,hacked,4,NULL,The Guardian,166
Snapchat,NULL,1700000,2017,Apr,Indian hackers leaked records after taking umbrage at comments made by Snapchat's CEO about their country.,app,hacked,1,NULL,BGR,167
Spambot,NULL,520000000,2017,Aug,"A misconfigured spambot leaked email addresses and passwords. ""Almost one address for every single man, woman and child in all of Europe."" The set included some fake or repeated accounts.",web,poor security,4,711000000,The Guardian,168
CEX,NULL,2000000,2017,Aug,The second-hand games seller fell victim to a security breach. An 'unauthorised third party' accessed systems holding personal information.,retail,oops!,3,NULL,PC Mag,169
Al.type,NULL,31000000,2017,Dec,The developer of the customisable keyboard app failed to secure its database server. 577GB of user records were exposed.,app,poor security,4,NULL,ZDNet,170
Cellebrite,NULL,3000000,2017,Jan,"Cellebrite's main product is a device that rips data from mobile phones. 900GB of data was stolen from Cellebrite. The hackers got hacked. The number of records taken is unknown. 
",tech,hacked,2,NULL,Vice,171
Waterly,App for paying water bills,1000000,2017,Jan,"An app which allows Israelis to pay water bills contained a vulnerability in the sign-in process. It could reveal payment history, personal ID information and credit card details.",app,poor security,3,NULL,Data Breaches,172
Swedish Transport Agency,NULL,3000000,2017,Jul,All Swedish driving license data was made available to Czech IT workers. The question of whether national security was harmed was censored in the official report.,government,poor security,5,NULL,The Local,173
Hong Kong Registration & Electoral Office,NULL,3700000,2017,Mar,Two laptop computers were stolen at the backup venue for the election of the leader of Hong Kong. The names of electors and personal information of the city's voters was compromised.,government,lost device,2,NULL,SCMP,174
River City Media,Spam operator,340000000,2017,Mar,"One of the world's largest spam operations accidentally leaked a backup of its database of over a billion email addresses, along with real names, IP and physical addresses.",web,oops!,2,340000000,Guardian,175
DaFont,Font sharing site,700000,2017,May,"The font site's database was targeted by a hacker who had seen it being traded elsewhere. The flaw was ""easy to find"". Usernames, email addresses and passwords were stolen.",web,hacked,4,NULL,ZD Net,176
Bell,NULL,1900000,2017,May,Email addresses and information about customers and contractors was leaked after being stolen from an insecure database. The company was threatened with further leaks. ,telecoms,hacked,1,NULL,CBC,177
Zomato,Restaurants & events,17000000,2017,May,Stolen email addresses and hashed passwords were being sold on the dark web for just over $1000.,web,hacked,4,NULL,HackRead,178
Imgur,NULL,1700000,2017,May,Stolen email addresses and hashed passwords were being sold on the dark web for just over $1000.,app,hacked,4,NULL,Imgur,179
TIO Networks,Owned by Paypal,1600000,2017,Dec,"A Paypal subsidiary providing bill payment services suffered a ""security incident"". Personal information and financial details were likely to have been breached.",finance,hacked,4,NULL,Bleeping Computer,180
Malaysian telcos & MVNOs,NULL,46200000,2017,Oct,"Phone numbers, customer details, addresses and SIM card information from over a dozen Malaysian mobile providers was discovered online after being stolen in 2014.",telecoms,hacked,4,NULL,LowYat,181
Malaysian medical practitioners,NULL,81309,2017,Oct,"Databases belonging to the Malaysian Medical Council, the Malaysian Medical Association and the Malaysian Dental Association were discovered online after being stolen in 2014.",health,hacked,4,NULL,Silicon,182
Instagram,NULL,6000000,2017,Sep,"A bug in Instagram's API exposed users' contact details. The data was placed online in a searchable database, with a charge of $10 per search.",web,hacked,1,NULL,The Verge,183
Viacom,NULL,3000000,2017,Sep,"A misconfigured server exposed 1Gb of Viacom's credentials – enough, say researchers, to take down the firm's internal IT infrastructure.",web,hacked,4,NULL,The Hacker News,184
Equifax,NULL,143000000,2017,Sep,"A breach of the health insurance firm's database exposed the names, social security numbers, birth dates, addresses, driver's license numbers and credit card information of US, UK and Canadian citizens.",finance,hacked,4,143000000,UK Gov,185
SVR Tracking,Vehicle tracking,540000,2017,Sep,Personal data and vehicle details were exposed. Customer passwords were stored using an easily-crackable algorithm.,app,poor security,4,NULL,The Hacker News,186
LinkedIn,NULL,117000000,2016,May,"A massive batch of login credentials was discovered on the black market after being stolen by hackers. The breach dated from 2012, when the firm's password security policies were weak.",web,hacked,1,117000000,CNN,187
Tumblr,NULL,65000000,2016,May,A three year old data breach came to light. Millions of email addresses and hashed passwords had been stolen.,web,hacked,1,NULL,Vice,188
Yahoo,NULL,500000000,2016,Sep,"At the time, the largest ever data breach from a single website. It was stolen, according to Yahoo, by a ""state-sponsored actor"". It included names, dates of birth and security information.",web,hacked,2,500000000,CNBC,189
Mossack Fonseca,Panamanian law firm ,11500000,2016,Apr,"A hacker took 2.6TB of data from the Panamanian law firm. It included emails, contracts, scanned documents, transcripts and sensitive information relating to many politicians and public figures.",misc,hacked,5,NULL,PanamaPapers,190
Philippines’ Commission on Elections,COMELEC,55000000,2016,Apr,"After a message was posted on the COMELEC website by hackers from Anonymous, warning the government of its weak election security, the entire database of voters was stolen and posted online. ",government,hacked,5,NULL,Trend Micro,191
Syrian government,NULL,274477,2016,Apr,Hacking outfit calling itself 'Cyber Justice Team' leaked 10GB of data from multiple Syrian government and private websites. Much of it was duplicated from previously known hacks.,government,hacked,1,NULL,Softpedia,192
Minecraft,Lifeboat' community,7000000,2016,Apr,Players using Minecraft's Lifeboat service had their email addresses and passwords leaked. The passwords were very weakly hashed.,gaming,hacked,1,NULL,BBC,193
Turkish citizenship database,NULL,49611709,2016,Apr,"An entire database of voter records, originally stolen back in 2008, was leaked online.",government,hacked,2,NULL,Business Insider,194
Banner Health,NULL,3700000,2016,Aug,"Hackers gained access to payment card data that was used to buy food and drink at Banner Health outlets. In 2019, Banner agreed to a $6m settlement over the breach.",health,hacked,3,NULL,Healthcare Informatics,195
Mail. ru,Game-related forums,25000000,2016,Aug,"Two hackers attacked three game-related forums hosted by the Russian company Mail.ru. They stole email addresses, scrambled passwords and birthdates.",web,hacked,2,NULL,ZD Net,196
PayAsUGym,NULL,300000,2016,Dec,The fitness website was hacked. Email addresses and passwords were published online.,web,hacked,1,NULL,BBC News,197
Lynda.com,owned by LinkedIn,9500000,2016,Dec,"Hackers breached a database holding contact information and interest in online courses. Lynda's owners, LinkedIn, said that 55,000 user passwords were also breached.",web,hacked,1,NULL,Neowin,198
Linux Ubuntu forums,NULL,2000000,2016,Jul,"2 million usernames, email addresses, and IP addresses were compromised via a vulnerability in the forum software.",web,hacked,1,NULL,ZDnet,199
Wendy's,Restaurant chain,1025,2016,Jul,Malware installed in 1025 point of sale systems was used to steal credit card data from customers. It's not known how many individuals were impacted.,retail,hacked,3,NULL,Forbes,200
Clinton campaign,NULL,5000000,2016,Jul,The computer network used by Hillary Clinton's campaign team was hacked as part of a broader cyber attack on Democratic political organizations.,government,hacked,2,NULL,Reuters,201
uTorrent ,NULL,35000,2016,Jun,"Access to user data was gained via a third party. Uncertain as to what exactly had been stolen, the firm advised its users to change their passwords.",web,hacked,1,NULL,Torrent Freak,202
World Check,Run by Thompson Reuters,2200000,2016,Jun,A database of suspected terrorists and criminals used by global banks and intelligence agencies was leaked online. Access is normally granted via a strict vetting process.,misc,poor security,3,NULL,The Stack,203
Mutuelle Generale de la Police,French police health insurance,112000,2016,Jun,Personal details of French police officers were uploaded to Google Drive by an employee. The leak came two weeks after a gendarme was murdered in an ISIS-inspired attack.,health,inside job,5,NULL,BBC News,204
VK,Russia's Facebook,171000000,2016,Jun,"A database stolen in 2013 from the Russian social network, containing full names, email addresses and passwords, was offered for sale online.",web,hacked,4,100000000,Motherboard,205
KM.ru & Nival,News site and email provider/Videogame maker,1500000,2016,Mar,A hacker targeted several Russian websites in revenge for the shooting down of flight MH17 over Ukraine. They included videogame firm Nival and email provider KM.ru.,web,hacked,4,NULL,Motherboard,206
Fling,Dating site,40000000,2016,May,"Data allegedly stolen in 2011 was put up for sale on the dark web. The stash included email addresses, plain text passwords and information on sexual desires & preferences.",web,hacked,4,NULL,IBTimes,207
MySpace,NULL,164000000,2016,May,"In one of the largest password breaches ever, 360 million MySpace logins were stolen and put on sale for $2,800.",web,hacked,1,164000000,Vice,208
Three,Three mobile company in the UK,130000,2016,Nov,Fraudsters compromised the mobile network's handset upgrade system and ordered new handsets to sell online. Customer details were accessed as part of the breach.,telecoms,hacked,2,NULL,Three,209
Red Cross Blood Service,NULL,550000,2016,Oct,"Australian donor information was accessed via an unsecured database posted online by a contractor. Information included that of ""at-risk sexual behaviour"".",health,oops!,4,NULL,ABC News,210
Telegram ,Instant messaging service,15000000,2016,Aug,"An Iranian hacking group called Rocket Kitten stole millions of phone numbers from Telegram, an instant messaging service which prides itself on strong security.",app,hacked,1,NULL,Venture Beat,211
Dailymotion,video sharing site,85200000,2016,Dec,Users of the video sharing site had their email addresses and usernames stolen. One in five also had their passwords compromised.,web,hacked,1,NULL,ZDNet,212
Weebly,NULL,43000000,2016,Oct,"IP addresses, usernames and hashed passwords were stolen from the web design platform.",web,hacked,4,NULL,Tech Crunch,213
Interpark,NULL,10000000,2016,Jul,South Korean police blamed North Korea for stealing personal customer data from a shopping mall's server in an attempt to obtain foreign currency. ,web,hacked,2,NULL,NY times,214
Quest Diagnostics,NULL,34000,2016,Dec,"Healthcare data accessed by an unauthorised third party contained names, dates of birth and lab results.",health,hacked,4,NULL,Newsroom,215
Friend Finder Network,"Parent company of Adult Friend Finder , Cams.com and Penthouse.com",412000000,2016,Nov,"Almost every password used on Adult Friend Finder, Cams.com and Penthouse.com was breached. Those passwords were encrypted, but easily crackable.",web,hacked,1,412000000,ZDNet,216
Brazzers,Porn site,790724,2016,Sep,"A vulnerability in the pornsite's forum software compromised millions of accounts, many of which had identical login details for the site itself.",web,hacked,4,NULL,Vice,217
ClixSense,NULL,6600000,2016,Sep,"A service which pays people to view adverts and take surveys was hacked. Stolen information included addresses, banking details and social security numbers.",web,hacked,5,NULL,Digital trends,218
Carefirst,"Blue Cross, Blue Shield US medical insurer",1100000,2015,May,"Hackers gained access to a database belonging to the healthcare insurer, stealing names, birth dates, email addresses and insurance ID numbers.",health,hacked,1,NULL,Krebs on Security,219
Twitch,Gaming site,10000000,2015,Mar,All users were forced to reset their passwords after unauthorised access to a number of accounts.,health,hacked,1,NULL,Twitch,220
Premera,US healthcare provider,11000000,2015,Mar,"The health insurance firm revealed that its IT systems had been breached, exposing financial and medical records.",health,hacked,5,NULL,Computer Weekly,221
Uber,NULL,50000,2015,Feb,"The breach, which occurred in Sep 2014, revealed the names & license plates of 50,000 drivers across the USA.","tech, app",poor security,1,NULL,TechCrunch,222
Deep Root Analytics,NULL,198000000,2015,Dec,"A insecure database containing US voter information was discovered by a researcher. It contained names, addresses, contact details and party affiliations.",web,poor security,2,198000000,"Reuters, UpGuard",223
Kromtech,MacKeeper software,13000000,2015,Dec,"A security researcher stumbled on an insecure database belonging to the Mac software provider, containing usernames, email addresses and passwords. ",web,hacked,1,NULL,BBC,224
Invest Bank,United Arab Emirates bank,40000,2015,Dec,"A hacker breached the systems of a UAE bank. They demanded a ransom of $3m in bitcoin to stop tweeting data, relating mainly to corporate accounts.",finance,hacked,4,NULL,Daily Dot ,225
Sanrio,Hello Kitty and other franchises,3300000,2015,Dec,"A researcher accessed a database containing login information, password hints and birthdates of fans of the Hello Kitty brand, including many children.",web,poor security,2,NULL,CSO Online,226
VTech,Toymaker company,6400000,2015,Dec,"The toy maker was targeted by a hacker who stole the private data of millions of children, including names, email addresses and birth dates.",web,hacked,5,NULL,The Guardian,227
Hacking Team,NULL,500000,2015,Jul,"An Italian hacking firm which sells digital surveillance software to national security organisations – including those of repressive regimes – was itself hacked, and the data put on BitTorrent.",web,hacked,5,NULL,The Guardian,228
AshleyMadison.com,US ex-marital affairs site,37000000,2015,Jul,The online hookup site for extra-marital affairs was severely breached. Personal details and company financial records were threatened with release.,web,hacked,1,NULL,Krebs on Security,229
US Office of Personnel Management (2nd Breach),NULL,21500000,2015,Jul,"Hackers with suspected links to China accessed sensitive data on US intelligence and military personnel, leading to concerns about potential blackmail attempts.",government,hacked,5,NULL,BBC News,230
US Office of Personnel Management,NULL,4000000,2015,Jun,"Hackers gained access to federal employees’ Social Security numbers, job assignments, performance ratings and training information.",government,hacked,2,NULL,Washington Post,231
Australian Immigration Department,NULL,30,2015,Mar,An agency employee inadvertently sent the passport numbers and visa details of all world leaders attending the G20 Brisbane summit to the organisers of the Asian Cup football tournament.,government,oops!,4,NULL,The Guardian,232
IRS,US Tax service,100000,2015,May,"An organized crime syndicate used the IRS website to steal taxpayers' personal financial information. 15,000 of them were used to claim refunds in other people's names.",government,hacked,1,NULL,CNN,233
MSpy,kid & partner tracking service,400000,2015,May,"A service that claims to help people spy on mobile devices was hacked, exposing emails, text messages, payment and location data.",app,hacked,2,NULL,Krebs on Security,234
Adult Friend Finder,Internet dating & hookup site,3900000,2015,May,"Data found on the dark web included sexual preferences, names, email addresses, usernames, dates of birth and postal codes. It included information of former as well as current users.",web,hacked,1,NULL,Channel 4,235
Securus Technologies,Prison phone service provider,70000000,2015,Nov,"An anonymous hacker leaked records of over 70m prisoner phone calls, plus links to recordings, potentially violating constitutional protections.",web,hacked,5,70000000,The Intercept,236
TalkTalk,Telecoms provider,157000,2015,Nov,"Shares in the telecoms firm plunged by a third after the hack, which exposed the banking details of more than 15,000 people.",telecoms,hacked,2,NULL,BBC News,237
Experian / T-mobile,NULL,15000000,2015,Oct,The world's biggest data monitoring firm disclosed a massive data breach. It had exposed the details of T-Mobile customers applying for credit checks.,telecoms,hacked,3,NULL,Reuters,238
Slack,software for remote working,500000,2015,Mar,"Sometime in February 2015, hackers were able to peruse Slack’s central database for up to four days. That database included usernames, email addresses and encrypted passwords.",app,hacked,1,NULL,Tech Crunch,239
CarPhone Warehouse,UK mobile phone supplier,2400000,2015,Aug,"The breach exposed names, addresses, birth date and bank details. Around 480,000 were TalkTalk Mobile customers; 1.9m were customers of Carphone Warehouse directly.",telecoms,hacked,3,NULL,The Guardian,240
British Airways,Frequent flyer accounts,10000,2015,Mar,Hackers accessed tens of thousands of British Airways frequent-flyer accounts. The airline froze the affected accounts while it resolved the issue.,transport,hacked,1,NULL,The Guardian,241
Anthem ,Second-largest health insurer in the US,80000000,2015,Feb,"A ""sophisticated cyberattack"" on one of the USA's largest health insurers uncovered names, dates of birth, social security numbers, addresses and employment information.",health,hacked,2,80000000,NYTimes,242
UCLA Health,NULL,4500000,2015,May,"Patient information was exposed in a hack on the network. In 2019, the firm reached a $2 million class-action lawsuit settlement.",health,hacked,4,4500000,Health IT Security,243
Neiman Marcus,US retailer,1100000,2014,Jan,Malware in the firm's IT system leaked customer payment data for several months.,retail,hacked,2,NULL,NY Times,244
AOL,NULL,2400000,2014,Apr,User accounts were compromised in order to send out spam messages.,web,hacked,1,NULL,NBC News,245
Community Health Systems,NULL,4500000,2014,Aug,"The US hospital operator suffered a system breach, leaking 5 years worth of data. Details included names, addresses, social security numbers. The goal: identity theft.",health,hacked,2,NULL,CNN,246
Privatization Agency of the Republic of Serbia,NULL,5190396,2014,Dec,A text file containing personal data and financial documents relating to almost all adult Serbian citizens was made publically available.,government,oops!,2,NULL,Poverenik,247
Sony Pictures,NULL,10000000,2014,Dec,"Potentially every piece of data held by the company was hacked, including unreleased films, employee social security numbers and sensitive internal documents. North Korea suspected.",misc,hacked,2,NULL,Buzzfeed,248
Indiana University,NULL,146000,2014,Feb,Students who attended the university between 2011 and 2014 may have had their data accessed by three automated computer data mining applications.,academic,poor security,2,NULL,Indiana University,249
Ebay,NULL,145000000,2014,May,"Hackers attacked between late February and early March, using the login credentials of three corporate employees. They then accessed a database containing all user records.",web,hacked,1,145000000,Business Insider,250
UPS,NULL,4000000,2014,Aug,Malware was discovered in the credit & debit card processing systems of 51 UPS branches in 24 states. It was leaking data for as long as eight months.,retail,hacked,3,NULL,Time,251
European Central Bank,NULL,4000000,2014,Jul,"The ECB received an anonymous call requesting money in return for the stolen data. The bank didn't say how much the blackmailer asked for, but did say that it refused to pay anything.",finance,hacked,1,NULL,City am,252
JP Morgan Chase,NULL,76000000,2014,Oct,"A hack of the USA's largest bank began in June, but was not discovered until July, when the hackers had already obtained the highest level of administrative privilege for dozens of servers.",finance,hacked,3,76000000,Deal Book,253
New York Taxis,NULL,52000,2014,Jun,"A freedom of information request resulted in the release of data on all 173 million journeys undertaken by New York taxis in one year. Unfortunately, the data was not properly anonymised.",transport,poor security,1,NULL,Medium,254
HSBC Turkey,NULL,2700000,2014,Nov,"An attack on credit and debit card systems left numbers, account numbers, expiry dates and customer names compromised.",finance,hacked,4,NULL,Reuters,255
Japan Airlines,NULL,750000,2014,Sep,"Japan Airlines confirmed the possible theft of information from up to 750,000 frequent-flier programme members, including names, birth dates, addresses and places of work.",transport,hacked,2,NULL,"WSJ, Japan Airlines",256
Staples,NULL,1160000,2014,Dec,"Point of sale systems were infected with malware. Thieves may have used it to steal customer names, payment card numbers, expiration dates and card verification codes.",retail,hacked,3,NULL,Fortune,257
GMail,NULL,5000000,2014,Sep,Account details and passwords were posted on a Russian Bitcoin forum. Close inspection revealed the user details to be old (3+ years). Gmail itself was not hacked.,web,hacked,1,NULL,The Next Web,258
Home Depot,NULL,56000000,2014,Sep,"Malware installed on cash register systems at 2,200 stores syphoned credit card details of up to 56 million customers, which were then sold online.",retail,hacked,3,NULL,Krebs on Security,259
Korea Credit Bureau,NULL,20000000,2014,Jan,An employee was accused of of stealing data from customers of three credit card firms while working as a temporary consultant.,finance,inside job,5,NULL,Security Week,260
Dominios Pizzas (France),NULL,600000,2014,Jun,"Hackers demanded a ransom of €30,000 (£24,000) from Domino's Pizza after stealing personal data on more than 600,000 of its French and Belgian customers.",retail,hacked,1,NULL,The Guardian,261
Mozilla,NULL,76000,2014,Aug,"After the failure of a ""data sanitation"" process, Mozilla’s developer community was alerted to an accidental leak of email addresses and encrypted passwords.",web,poor security,2,NULL,The Guardian,262
Massive American business hack,"7-Eleven, JC Penney, Hannaford, Heartland, JetBlue, Dow Jones, Euronet, Visa Jordan, Global Payment, Diners Singapore and Ingenicard",160000000,2013,Jul,"For more than seven years a hacking ring targeted banks, payment processors and chain stores to steal more than 160 million credit and debit card numbers.",finance,hacked,5,160000000,Technology Review,263
"Affinity Health Plan, Inc.",NULL,344579,2013,Aug,"A rented photocopier used to copy health records did not have its hard-drive wiped before its return, exposing personal data.",health,lost device,4,NULL,Proskauer,264
Citigroup,NULL,150000,2013,Jul,The bank failed to redact court records before they were placed on a publicly accessible system. The personal information of customers entering bankruptcy between 2007-2011 was exposed.,finance,oops!,2,NULL,Softpedia,265
Tianya,"Usernames, clear tect passwords and email addresses hacked. ",40000000,2013,Jul,China's biggest online forum confirmed that private information for 40 million users had been breached back in 2011.,web,hacked,1,NULL,"Computer World, Hacker News",266
Scribd,"""world's largest online library"" ",500000,2013,Apr,"A website billing itself as the ""world's largest online library"" was hacked. 1% of its users had passwords compromised.",web,hacked,1,NULL,"Naked Security, NBC News",267
Living Social,special offers website,50000000,2013,Apr,"Hackers gained access to  names, e-mail addresses, dates of birth & encrypted passwords for 50 million users of an online offers site part-owned by Amazon.",web,hacked,1,NULL,"Naked Security, New York Times",268
Yahoo,NULL,550000000,2013,Dec,"A 2013 attack was eventually disclosed in 2016. Stolen data included names, telephone numbers, birth dates, passwords and security questions. ",web,hacked,2,1000000000,"NY Times, BBC",269
SnapChat,NULL,4600000,2013,Jan,"Hackers abused an exploit to siphon off usernames and phone numbers, which were then posted online.","web, tech",hacked,2,NULL,BBC News,270
University of Delaware,NULL,74000,2013,Aug,Confidential personal information on past and current employees of the University of Delaware was stolen when a software vulnerability was exploited.,academic,hacked,2,NULL,University of Delaware,271
Central Hudson Gas & Electric,NULL,110000,2013,Feb,Customer banking information and other personal information may have been accessed when systems belonging to the energy supplier were hacked.,misc,hacked,3,NULL,eSecurity Planet,272
Twitter,NULL,250000,2013,Feb,"A Java vulnerability gave hackers access to some user information including usernames, email addresses, session tokens and encrypted/salted versions of passwords.",web,hacked,1,NULL,CNN,273
"Crescent Health Inc., Walgreens",NULL,100000,2013,Feb,"A stolen laptop exposed private data including names, social security numbers, health insurance information, birth dates, diagnoses and other medical information.",health,lost device,4,NULL,Healthcare IT News,274
Florida Department of Juvenile Justice,NULL,100000,2013,Jan,"The theft of a mobile device containing youth and employment records exposed 100,000 young people to potential identity theft.",government,lost device,2,NULL,Data Breaches,275
Advocate Medical Group,NULL,4000000,2013,Aug,"Four unencrypted computers were stolen from an office belonging to the healthcare provider. 4,000,000 patient names, addresses, dates of birth and Social Security numbers were exposed.",health,lost device,2,NULL,Health IT Security,276
OVH,French Internet host,200000,2013,Jul,"A hacker gained access to an email account, from where they were able to compromise the firm's internal systems. The European customer database was exposed.",web,hacked,2,NULL,OVH,277
Apple,NULL,275000,2013,Jul,"Apple's developer portal was hacked. ""Some"" information about 275,000 3rd-party developers was potentially stolen.","tech, web",hacked,1,NULL,The Guardian,278
NASDAQ,Nasdaq OMX Group,500000,2013,Jul,"Cybercriminals targeted the Nasdaq online forum, stealing email addresses and passwords.",finance,hacked,1,NULL,Reuters,279
UbiSoft,games company,58000000,2013,Jul,"The video games publisher revealed that user names, email addresses and encrypted passwords had been ""illegally accessed"".",gaming,hacked,2,NULL,BBC News,280
Ubuntu,"The discussion forum for the popular alternative, open-source operating system",2000000,2013,Jul,"The discussion forum for the operating system was hacked, exposing personal details and weakly-hashed passwords.","tech, web",hacked,3,NULL,Ars Technica,281
Nintendo,Japan's Club Nintendo service,4000000,2013,Jun,"Names, phone numbers, home and email addresses of Japanese members of Club Nintendo were stolen after a website breach.",gaming,hacked,2,NULL,ZDNet,282
National Security Agency,NULL,1500000,2013,Jun,"Edward Snowden, an intelligence contractor in Hawaii, downloaded up to 1.5 million files. He then flew to Hong Kong to meet journalists Glenn Greenwald and Laura Poitras before fleeing to Moscow. ",government,inside job,5,NULL,Business Insider,283
Facebook,NULL,6000000,2013,Jun,"By using the network's ""Download Your Information"" tool, some Facebook members were able to access phone numbers and email addresses of strangers. ",web,oops!,1,NULL,Facebook,284
Evernote,online note-taking site,50000000,2013,Mar,"Evernote asked all its users to reset their passwords, following the discovery of unauthorised access of personal details.",web,hacked,1,NULL,"Wired, Digital Trends",285
Kirkwood Community College,Hacked online database,125000,2013,Apr,"Hackers accessed data relating to applications made between February 2006 and March 2013, including names, birth dates, race, contact information and Social Security numbers.",academic,hacked,2,NULL,eSecurity Planet,286
Yahoo Japan,NULL,22000000,2013,May,22 million Yahoo user IDs may have been leaked after Yahoo detected an unauthorized attempt to access the administrative system of its Yahoo Japan portal.,"tech, web",hacked,1,NULL,Reuters,287
Drupal,open-source content management platform,1000000,2013,May,"Malicious files were placed on the servers of the content management platform. They exposed usernames, e-mail addresses and cryptographically hashed passwords.",web,hacked,1,NULL,Ars Technica,288
TerraCom & YourTel,NULL,170000,2013,May,"Journalists discovered the personal data of over 170,000 customers on a publicly accessible server. Hilariously, the firms branded the journalists ""hackers"".",telecoms,oops!,2,NULL,"Boing Boing, Wired",289
Washington State court system,Administrative offices,160000,2013,May,Social Security numbers and a million driver's license numbers may have been accessed by hackers exploiting weaknesses in old server software.,government,hacked,2,NULL,"Reuters, Privacy Rights",290
MacRumours.com,NULL,860000,2013,Nov,"A moderator account on the forum was logged into by the hacker, who then was able to escalate privileges. All users were advised to change their passwords.",web,hacked,1,NULL,Wired,291
Court Ventures,Experian,200000000,2013,Oct,"A 24 year old Vietnamese national, Hieu Minh Ngo, ran an identity theft service from his bedroom. A deal he struck with Experian gave him access to the personal and financial data of American citizens.",finance,inside job,2,200000000,"NY Times, Gov Tech",292
Vodafone,NULL,2000000,2013,Sep,"An IT contractor for the firm used his access to the telecom giant's system to steal customer details, including bank account numbers and sort codes.",telecoms,inside job,3,NULL,Security Week,293
Adobe,NULL,38000000,2013,Oct,"Hackers obtained access to a swathe of Adobe customer IDs, encrypted passwords & sensitive information including encrypted credit and debit card numbers. Plus source code.",tech,hacked,3,38000000,Adobe,294
"D&B, Altegrity",NULL,1000000,2013,Sep,"Hackers stole millions of social security numbers from a number of large US data brokers, intending to steal identities.",tech,hacked,3,NULL,USA Today; Reuters,295
ssndob.ms,NULL,4000000,2013,Sep,"Teenage hackers collected data for exposed.su, a site that charged people to search for  the social security numbers, birthdays, phone numbers and addresses of celebrities.",web,hacked,2,NULL,Krebs on Security,296
Target,NULL,70000000,2013,Dec,Investigators believe that personal data was obtained via software installed on card-swiping machines at Target stores.,retail,hacked,3,NULL,Huffington Post,297
China Software Developer Network,NULL,6000000,2012,Mar,A man surnamed Zeng was arrested on suspicion of leaking personal information belonging to users of the China Software Developer Network (CSDN).,web,hacked,1,NULL,ZDNet,298
Global Payments,"Credit, debit and check processing for merchants (Visa, Mastercard, etc)",1500000,2012,Apr,"Hackers gained unauthorised access to systems of the payment processing firm, exposing over a million credit card numbers.",finance,hacked,3,NULL,Washington Post,299
South Carolina Government,South Carolina Department of Health and Human Services,228000,2012,Apr,A man was arrested for sending confidential information on Medicaid beneficiaries to his personal email address.,health,inside job,4,NULL,The State,300
Three Iranian banks,"Saderat, Eghtesad Novin, & Saman",3000000,2012,Apr,"After finding a security flaw in Iran's banking system, Khosrow Zarefarid sent a formal report to the CEOs of all affected banks. When they ignored him, he hacked 3m bank accounts to prove his point.",finance,hacked,5,NULL,ZD Net,301
California Department of Child Support Services,NULL,800000,2012,Apr,"California child support records were lost in transit during a ""disaster preparedness"" exercise.",government,lost device,2,NULL,Business Insider,302
Emory Healthcare,hospital system in Atlanta,315000,2012,Apr,"The company 'misplaced' 10 backup discs containing sensitive patient information, including social security numbers. ",health,lost device,4,NULL,Emory,303
Office of the Texas Attorney General,NULL,6500000,2012,Apr,The office of Texas Attorney General Greg Abbott mistakenly gave attorneys access to a database containing millions of Social Security numbers.,government,oops!,2,NULL,Raw Story,304
Medicaid,US health program for low income people and families,780000,2012,Apr,"Hackers operating out of Eastern Europe circumvented server security at the Utah Health Department, stealing the Social Security numbers of Medicaid claimants.","government, health",hacked,5,NULL,Reuters,305
Blizzard,"Activision, Battle.net",14000000,2012,Aug,"Scrambled passwords, e-mail addresses, and personal security answers were stolen from Blizzard's internal network. Blizzard would not elaborate on the size of the hack (""millions""). ",gaming,hacked,2,NULL,Forbes,306
New York State Electric & Gas,NULL,1800000,2012,Jan,An employee from a software consulting firm was able to grant unauthorized access to the energy supplier's database.,misc,inside job,2,NULL,Data Breaches,307
Memorial Healthcare System,Florida,102153,2012,Apr,"For more than a year, an employee of an affiliated physician’s office accessed patient information through a web portal: names, dates of birth and Social Security numbers.",health,lost device,2,NULL,Modern Healthcare,308
Zappos,NULL,24000000,2012,Jan,"The Amazon-owned e-commerce firm was the target of a cyber attack on its internal network, exposing names, e-mail addresses, phone numbers,addresses, and encrypted passwords.",web,hacked,2,NULL,Forbes,309
Formspring, Interest-based social Q&A website,420000,2012,Jul,"420,000 hashed passwords were posted to a security forum. Formspring immediately forced users to reset their passwords.",web,hacked,1,NULL,CNet,310
KT Corp.,Korean mobile carrier,8700000,2012,Jul,"Two suspects earned an estimated $877,000 by selling the contact information and plan details of 8.7 million subscribers to Korea's second largest mobile phone network.",telecoms,hacked,2,NULL,"Korea Times, CNet",311
Yahoo Voices,NULL,450000,2012,Jul,"Usernames and passwords thought to be related to Yahoo's Voice service were dumped online, after being accessed in a database hack.","tech, web",hacked,1,NULL,Slashdot,312
Last.fm,Owned by CBS,43500000,2012,Sep,"Usernames, email addresses and other internal records, such as newsletter sign-ups and ad-related data, were stolen in a 2012 hack.",web,hacked,1,NULL,ZD Net,313
"LinkedIn, eHarmony, Last.fm",NULL,8000000,2012,Jun,"Hacker 'dwdm' uploaded a file containing 6.5 million passwords to a Russian hacker forum. Soon after, another 1.5 million passwords were discovered in another file on the forum.",web,hacked,1,NULL,Cnet,314
Gamigo,NULL,8000000,2012,Jul,"4 months after the gaming site Gamigo warned users about a hacker intrusion, more than 8 million usernames, emails & encrypted passwords from the site were published on the web.",web,hacked,1,NULL,Forbes,315
Militarysingles.com,"Online dating network for, you guessed it, military singles",163792,2012,Mar,"Hacking group LulzSec released a database of 163,792 names, usernames, e-mail addresses, IP addresses, and passwords of ""single"" military personnel.","web, military",hacked,1,NULL,PC World,316
"""Apple""",NULL,12367232,2012,Mar,"Millions of Apple Unique Device Identifiers (UDIDs) were leaked online. A hacking group claimed it had hacked an FBI laptop, but a software firm called BlueToad was found to be the source.","tech, retail",oops!,2,NULL,CNET,317
Greek government,NULL,9000000,2012,Nov,A computer programmer was arrested in Greece for allegedly stealing the identity information of 83% of the country's population. The 35-year-old was suspected of trying to sell it on.,government,hacked,2,NULL,Wired,318
South Carolina State Dept. of Revenue,NULL,3600000,2012,Oct,A server containing social security numbers and credit card data was breached by an international hacker.,government,hacked,1,NULL,Information Week,319
Dropbox,NULL,68700000,2012,Aug,"User credentials were stolen in a 2012 hack, but the number affected only came to light four years later. Dropbox reset any passwords that had been unchanged since 2012.",web,hacked,1,68700000,The Telegraph,320
New York City Health & Hospitals Corp.,New York City Health & Hospitals Corporation's North Bronx Healthcare Network,1700000,2011,Feb,Computer backup tapes from the New York provider were stolen from a truck that was transporting them to a secure storage location. ,health,lost device,4,NULL,InfoRisk,321
"Seacoast Radiology, PA",NULL,231400,2011,Jan,"Computer gamers hacked a server in search of more bandwidth to play Call of Duty. In the process they  gained access to personal records of more than 230,000 patients.",health,hacked,2,NULL,Fosters,322
"South Shore Hospital, Massachusetts",NULL,800000,2011,Sep,"South Shore Hospital hired a contractor to destroy files no longer in use. The firm lost the shipment. It contained social security numbers, medical records and banking details.",health,lost device,5,NULL,Boston Globe,323
Betfair,UK gambling site,2300000,2011,May,"Betfair waited 18 months to report the breach of their online gambling site, alarming banking institutions and security experts. The breach involved user names, addresses and account details.",web,hacked,3,NULL,FT,324
"Ankle & foot Center of Tampa Bay, Inc.",NULL,156000,2011,Jan,"Names, social security numbers, date of birth, home addressees, account numbers, healthcare services and diagnostics were hacked.",health,hacked,4,NULL,Phi Privacy,325
Yale University,NULL,43000,2011,Aug,"The names and Social Security numbers of 43,000 people affiliated with the university were publicly viewable on Google for 10 months.",academic,oops!,2,NULL,NBC News,326
Morgan Stanley Smith Barney,NULL,34000,2011,Jul,"Morgan Stanley mailed two CDRs containing sensitive data about investors to the New York State Department of Taxation and Finance. When it arrived at the relevant desk, the CDs were missing.",finance,lost device,3,NULL,ABC News,327
State of Texas,NULL,3500000,2011,Apr,"3.5 million records were accidentally published online including people's names, mailing addresses and social security numbers. They were there for a year.",government,oops!,2,NULL,Dallas News,328
Epsilon,Marketing email provider,3000000,2011,Apr,"Names & email addresses of customers of Barclaycard US, Capital One, JP Morgan, Citigroup & other firms were stolen via a breach in an email system.  ",web,hacked,1,NULL,Guardian,329
Sony PSN,NULL,77000000,2011,Apr,"Rounding off a thoroughly unhappy year for Sony, their third breach saw a breach of 76,000,000 Sony PSN and Qriocity user accounts. They were offline for 23 days.",gaming,hacked,1,NULL,Mashable,330
US Law Enforcement,NULL,123461,2011,Aug,"""AntiSec"" hackers published a huge trove of personal information from 70 different US law enforcement agencies.",government,hacked,3,NULL,PC World,331
University of Wisconsin - Milwaukee,NULL,73000,2011,Aug,"A malware attack on a database server exposed the names and social security numbers of students and staff, past and present. ",academic,hacked,2,NULL,ZDNet,332
Stratfor,geopolitical intelligence firm,935000,2011,Dec,"Hacking collective Anonymous published what they claimed was Stratfor's confidential client list, along with credit card details and passwords. In fact, it was a list of subscribers to Stratfor's online publication. ",military,hacked,3,NULL,NYTimes,333
Chinese gaming sites,NULL,10000000,2011,Dec,"Several major Chinese gaming sites were hacked, breaching millions of user records.",web,hacked,1,NULL,eHacking News,334
Southern California Medical-Legal Consultants,NULL,300000,2011,Jun,"Electronic files containing names and social security numbers of approximately 300,000 individuals who have applied for workers’ compensation benefits were left unsecured.",health,hacked,2,NULL,Data Breaches,335
Writerspace.com,Website design and hosting for writers,62000,2011,Jun,"Hacker group LulzSec released a stash of e-mails and passwords, 12,000 of which were confirmed to originate from Writerspace.com. ",web,hacked,1,NULL,PC Mag,336
Bethesda Game Studios,"US video game company (Elder Scrolls, Fallout 3)",200000,2011,Jun,"Hacking collective Lulzsec claimed to have stolen the account information of 200,000 users.",gaming,hacked,1,NULL,PC World,337
Sega,NULL,1290755,2011,Jun,"Information registered as part of the Sega Pass system was stolen, including names, birth dates, e-mail addresses and passwords.",gaming,hacked,2,NULL,ZDNet,338
Citigroup,NULL,210000,2011,Jun,A breach of the bank's online web portal compromised the information of around 1% of Citbank card holders.,finance,hacked,3,NULL,PC World,339
Sony Pictures,NULL,1000000,2011,Jun,The LulzSec hacking collective accessed unencrypted user information. They claimed that they didn't have the resources to steal everything they were able to access.,web,hacked,1,NULL,Mashable,340
Accendo Insurance Co. ,NULL,175350,2011,Jun,"Mismailed letters allowed some lines of sensitive information (medication name, date of birth, and member ID) to be visible through the envelope window.",health,poor security,2,NULL,Data Breaches,341
Washington Post,NULL,1270000,2011,Jul,"Unknown hackers broke into The Washington Post's jobs website, stealing user IDs and email addresses.",misc,hacked,2,NULL,PC Mag,342
Health Net - IBM,Data lost from HN servers managed by IBM,1900000,2011,Mar,As many as nine server drives containing personal information of former and current employees went missing from an IBM data center in California.,health,lost device,3,NULL,IEEE Spectrum,343
Eisenhower Medical Center,California hospital,514330,2011,Apr,"A computer stolen from the hospital contained patients' names, ages, dates of birth, medical record numbers and the last four digits of their social security numbers.",health,lost device,4,NULL,Data Breach Info,344
Spartanburg Regional Healthcare System,NULL,400000,2011,May,"A computer stolen from an employee's car contained a password-protected file with Social Security numbers as well as names, addresses, dates of birth and medical billing codes.",health,lost device,4,NULL,GoUpstate,345
NHS,"UK's national health service, govt funded",8600000,2011,Jun,A laptop holding the unencrypted records of eight million patients went missing from an NHS store room and wasn't reported until 3 weeks later. ,health,lost device,4,NULL,Alphr,346
San Francisco Public Utilities Commission ,NULL,180000,2011,Jun,"A server storing customer data was found to be a) unsecured, and b) infected with viruses.",government,hacked,1,NULL,CNET,347
Sony Online Entertainment,NULL,24600000,2011,May,"Hackers may have taken personal information from accounts in Austria, Germany, The Netherlands and Spain, including over 12,000 credit card accounts and 10,000 bank accounts.",gaming,hacked,3,NULL,Computer Weekly,348
Honda Canada,NULL,283000,2011,May,"Names, addresses and vehicle identification numbers were taken from two of the firms' eCommerce websites, myHonda and myAcura",retail,hacked,2,NULL,Guelph Mercury,349
Massachusetts Government,Massachusetts Executive Office of Labor and Workforce,210000,2011,May,"Over 1,500 departmental computers were infected with malware which “downloads additional files, steals information and opens a back door on the compromised computer”. ",government,hacked,5,NULL,NBC News,350
Oregon Department of Motor Vehicles,NULL,1000000,2011,May,"Detectives arrested Tim Nuss for accessing an old Oregon Department of Motor Vehicles database, including names, addresses, birth dates, gender and ages of people who registered.",government,hacked,2,NULL,Data Breaches,351
Steam,gaming portal,35000000,2011,Nov,"Attackers used login details from a forum hack to gain access to a database containing user names, encrypted passwords and credit card info, game purchases and billing addresses.",web,hacked,3,NULL,SC Mag,352
Restaurant Depot,"food, equipment, and supplies for restaurants",200000,2011,Nov,Nov 2011. Cybercrooks presumed to be operating from Russia hacked into the Restaurant Depot database and accessed credit and debit card details.,retail,hacked,3,NULL,NBC News,353
Nexon Korea Corp,game developer,13200000,2011,Nov,Personal data of subscribers to the online game Maple Story was breached and subsequently leaked.,web,hacked,2,NULL,Reuters,354
Nemours Foundation,US children's hospitals,1600000,2011,Oct,"A Florida health care provider responsible for running children’s hospitals lost three data backup tapes, containing 10 years worth of information.",health,lost device,4,NULL,Law360,355
Sutter Medical Foundation,NULL,4243434,2011,Nov,"A stolen laptop contained a database with names, addresses, dates of birth, phone numbers, email addresses, medical record numbers and health insurance plans.",health,lost device,2,NULL,Trend Micro,356
Tricare,Healthcare service for US Military,4901432,2011,Sep,"Backup tapes containing information for some 4.6 million active and retired military personnel, as well as their families, was stolen from a data contractor's car in San Antonio.","military, health",lost device,4,NULL,Reuters,357
"AvMed, Inc.",NULL,1220000,2010,Feb,"Two company laptops containing names, addresses, dates of birth, Social Security numbers and health-related information were stolen from an AvMed facility in Gainesville.",health,lost device,2,NULL,Hack Notice,358
Blue Cross Blue Shield of Tennessee,US health insurance organization,1023209,2010,May,A thief stole 57 unencrypted hard drives from the closet of a BlueCross call center in Chattanooga.,health,lost device,2,NULL,Data Breaches,359
US Military,Wikileaks / Bradley Manning/Cablegate.,260000,2010,Nov,"The Wikileaks Embassy Cables, containing over 1/4 of a million dispatches from more than 250 worldwide embassies and consulates.",military,inside job,5,NULL,Guardian,360
Gawker.com,US news and gossip blog network including Gawker.com Gizmodo.com Lifehacker.com,1500000,2010,Dec,"The notorious website was hacked. The source code was stolen, along with 1.5 million usernames, emails and passwords.",web,hacked,2,NULL,Guardian,361
"Triple-S Salud, Inc.",Puerto-Rican health insurance company,398000,2010,Nov,"A competitor accessed restricted areas of the healthcare firm's website without authorisation, compromising client information.",health,lost device,4,NULL,Data Breaches,362
Ohio State University,NULL,760000,2010,Dec,"The breach affected current and former students. It cost the university $4m in expenses related to investigative consulting, breach notification and credit security. ",academic,hacked,2,NULL,The Lantern,363
"Emergency Healthcare Physicians, Ltd.",A Chicago emergency physician group,180111,2010,May,"A stolen portable hard drive contained records from 2003 to 2006, including patient names, addressees, phone numbers, birth dates and Social Security numbers.",health,lost device,4,NULL,Healthcare Info Security,364
Colorado government,Department of Health Care Policy & Financing,105470,2010,Jul,State officials discovered the unauthorized removal of a computer hard drive housed at Colorado's Office of Information Technology which contained health insurance information.,health,lost device,2,NULL,Data Breaches,365
AT&T,US Telecoms company,114000,2010,Jun,"Details of iPad 3G users, thought to include those of White House chief of staff Rahm Emanuel, was stolen from the AT&T website.",telecoms,hacked,1,NULL,Guardian,366
Lincoln Medical & Mental Health Center,NULL,130495,2010,Jun,Protected health information was exposed after seven CDs were lost in transit with FedEx.,health,lost device,4,NULL,Alert Boot,367
Educational Credit Management Corp,US student loan guarantor,3300000,2010,Mar,A contractor for the US Department of Education stole a device containing student loan records. The breach affected as many as 5% of all the country's federal student loan borrowers.,finance,lost device,2,NULL,Wall Street Journal,368
US Federal Reserve Bank of Cleveland,NULL,400000,2010,Nov,"Nov 2010. A Malaysian man was charged with hacking into major US corporations and stealing 400,000 credit and debit card account numbers.",finance,hacked,3,NULL,Bank Info Security,369
Classified Iraq War documents,NULL,392000,2010,Oct,Wikileaks posted classified Iraq War documents on its website.,government,inside job,2,NULL,Forbes,370
Heartland,Independent payment processor,130000000,2009,Jan,"Keylogging malware caused a massive data breach. Heartland eventually paid more than $110 million to Visa, MasterCard, American Express and other card associations to settle claims.",finance,hacked,3,130000000,Dark Reading,371
US National Guard,NULL,131000,2009,Dec,"A personal laptop owned by an Army Guard contractor was stolen. It contained a database including names, Social Security Numbers, incentive payment amounts and payment dates.",military,lost device,2,NULL,CNN,372
RockYou!,Developer of online games (Zoo World/Zoo World 2) and advertising products,32000000,2009,Dec,The site did not allow users to use special characters or punctuation in their passwords and e-mailed user passwords in plain text. Hackers took advantage of these security lapses.,"web, gaming",hacked,1,NULL,Tech Crunch,373
CheckFree Corporation,"Provider of online banking, online bill payment and electronic bill payment services for the financial services industry",5000000,2009,Jan,Criminals took control of the payment service's domains. They redirected traffic to a Ukrainian Web server that used malware to install a password-stealing program on the victim's computer.,finance,hacked,1,NULL,Computer World,374
Network Solutions,Domain name registration business,573000,2009,Jul,A large-scale infection of e-commerce sites with malicious code led to the compromise of thousands of debit and credit cards.,web,hacked,3,NULL,Washington Post,375
Virginia Prescription Monitoring Program,NULL,531400,2009,May,A prescriptions website with a database containing 8m patient records and 35m prescription records was hacked. The hacker demanded a $10 million ransom for the breach.,health,hacked,2,NULL,Digital Health,376
University of California Berkeley,"details on students, alumni and others",160000,2009,May,The attackers accessed a computer belonging to the university's health centre. The personal information of current students and alumni was stolen.,academic,hacked,3,NULL,Cnet,377
Health Net ,Largest US publicly traded managed health care company,1500000,2009,Nov,A portable hard drive with seven years worth of personal and medical information was lost for six months before being reported. ,health,lost device,4,NULL,Computer World,378
US Military,NULL,76000000,2009,Oct,"The National Archives And Records Administration sent a defective, unencrypted hard drive for repair and recycling. It held detailed records on 76 million veterans dating back to 1972.",military,lost device,2,NULL,Wired,379
Compass Bank,NULL,1000000,2008,Mar,"A former employee stole a hard drive containing 1m account details between May & July 2007, then used it to defraud cutomers of nearly $32,000.",finance,inside job,3,NULL,Computer Weekly,380
Hannaford Brothers Supermarket Chain,"Delhaize Group: Hannaford Bros, Sweetbay, Food Lion, Bloom, Bottom Dollar, Harveys, Kash n' Karry",4200000,2008,Mar,An estimated 4.2 million credit and debit card numbers were stolen when payment data was intercepted by hackers.,retail,hacked,3,NULL,NetworkWorld,381
University of Miami,NULL,2100000,2008,Apr,Six backup tapes from the medical school containing more than 2 million medical records were stolen from a van that was transporting the data to an off-site facility.,academic,lost device,3,NULL,Identity Theft,382
BNY Mellon Shareowner Services,Wealth management,4500000,2008,May,An archiving vendor lost a box full of data storage tapes containing sensitive information.,finance,lost device,1,NULL,Reuters,383
Countrywide Financial Corp,Employee convicted of downloading millions of borrower files and selling the information to other loan officers.,2500000,2008,Aug,A senior financial analyst was sentenced to eight months in prison after pleading guilty to downloading millions of borrower files onto thumb drives & selling the information.,finance,inside job,2,NULL,LATimes,384
UK Home Office,NULL,84000,2008,Aug,"PA Consulting lost an unencrypted memory stick containing details of high risk, prolific and other offenders. It had its contract terminated after an enquiry.",government,lost device,2,NULL,Wikipedia,385
RBS Worldpay,the U.S. payment processing arm of The Royal Bank of Scotland Group,1500000,2008,Dec,A hack compromised RBS Worldpay prepay and gift cards. Actual fraud has been committed on approximately 100 cards. The personal information of over 1m people was exposed.,finance,hacked,5,NULL,The Register,386
Auction.co.kr,South Korea's largest online shopping site,18000000,2008,Feb,South Korea’s largest online shopping site was attacked by a Chinese hacker who made off with user information and a large amount of financial data.,web,hacked,3,NULL,Dark Reading,387
GS Caltex,Private oil company,11100000,2008,Sep,Two multimedia discs containing personal data of Korean customers was found by an office worker in a trash pile in Seoul. Likely to have been stolen by an employee.,misc,inside job,2,NULL,The Dong-a Ilbo,388
AT&T,NULL,113000,2008,Jun,A laptop containing unencrypted Social Security numbers and bonus/salary info of AT&T employees was stolen from a car.,telecoms,lost device,1,NULL,NetworkWorld,389
Stanford University,NULL,72000,2008,Jun,A laptop containing information on tens of thousands of past and current Stanford University employees was stolen.,academic,lost device,2,NULL,SFGate,390
University of Utah Hospitals & Clinics,stolen data tapes,2200000,2008,Jun,Petty thieves stole backup data tapes containing billing records from an employee's car. According to police reports the thieves tried - and failed - to view the tapes using a VHS player.,academic,lost device,4,NULL,Salt Lake Tribune,391
Chile Ministry Of Education,NULL,6000000,2008,May,A computer hacker in Chile published confidential records belonging to six million people to illustrate the weakness of government security. ,government,hacked,1,NULL,BBC News,392
Texas Lottery,NULL,89000,2008,Nov,"Data on more than 89,000 lottery winners (including names, Social Security numbers, addresses and prize amounts) were taken from the agency without permission by a former employee.",government,inside job,2,NULL,Houston Chronicle,393
Starbucks,NULL,97000,2008,Nov,"A laptop containing private information on 97,000 employees was stolen. Employees won a case against the firm before losing in the federal court as they were unable to prove any cognizable harm.",retail,lost device,2,NULL,Info Watch,394
UK Ministry of Defence,NULL,1700000,2008,Oct,"A hard drive containing sensitive details of Armed Forces personnel - passport & national insurance numbers, bank details etc - went missing. The loss was revealed during National Identity Fraud Prevention Week. ",government,lost device,5,NULL,BBC News,395
"T-Mobile, Deutsche Telecom",NULL,17000000,2008,Oct,"Thieves stole a device containing names, addresses, cell phone numbers, and some birth dates and e-mail addresses for high-profile German citizens.",telecoms,lost device,1,NULL,FT,396
Norwegian Tax Authorities,NULL,3950000,2008,Sep,"Tax authorities accidentally sent CD-ROMs filled with the 2006 tax returns of 4m Norwegian citizens to editorial staff at national newspapers, radios and television stations.",government,oops!,2,NULL,Info Watch,397
Service Personnel and Veterans Agency (UK),NULL,50500,2008,Sep,Hard drives containing personal information of employees were stolen from a high-security facility.,government,lost device,2,NULL,BBC News,398
Monster.com,Jobs website,1600000,2007,Aug,"A trojan virus harvested user names, e-mail addresses, home addresses and phone numbers. Soon after, phishing e-mails encouraged users to download a Monster Job Seeker Tool, which was in fact malware.",web,hacked,2,NULL,BBC News,399
Driving Standards Agency,NULL,3000000,2007,Dec,"A hard disk with details of UK driving theory test candidates was lost by a contractor while they were in Iowa, USA.",government,lost device,2,NULL,BBC News,400
Fidelity National Information Services,NULL,8500000,2007,Jul,"An employee sold customer information to a data broker, including names, addresses, birth dates, bank account and credit card information.",finance,inside job,3,NULL,PCWorld,401
City and Hackney Teaching Primary Care Trust,NULL,160000,2007,Dec,Disks containing children's personal details were lost by couriers. It prompted the agency to introduce disk encryption.,government,lost device,2,NULL,Computer Weekly,402
Gap Inc,NULL,800000,2007,Sep,A laptop containing data on people who applied for positions at Gap stores between July 2006 and June 2007 was stolen.,retail,lost device,2,NULL,PC World,403
Dai Nippon Printing,Japanese printing company,8637405,2007,Mar,A former contractor of the firm stole 8.6 million records containing the personal data of customers.,retail,inside job,1,NULL,Compare Business Products,404
TK / TJ Maxx,Largest retail breach to date,94000000,2007,Mar,A Minnesota store wifi network was hacked. Data from the credit and debit cards of shoppers  was stolen. ,retail,hacked,3,94000000,ZD Net,405
JP Morgan Chase,NULL,2600000,2007,May,Personal information was mistakenly identified as trash and thrown out in garbage bags outside five branch offices in New York.,finance,lost device,3,NULL,PC World,406
UK Revenue & Customs,HMRC,25000000,2007,Nov,A set of discs containing confidential details of 25 million child benefit recipients was lost.,government,lost device,1,NULL,BBC News,407
TD Ameritrade,US online broker,6300000,2007,Sep,The firm settled a class action lawsuit to compensate as many as 6.3 million customers whose data was stolen by hackers.,finance,hacked,1,NULL,"Wired, CBNC",408
AOL,American Online,20000000,2006,Aug,"AOL released search data for roughly 20 million web queries from 658,000 anonymized users of the service. No one is quite sure why.",web,oops!,1,NULL,Tech Crunch,409
US Dept of Vet Affairs,NULL,26500000,2006,Jul,The Veterans Affairs Department agreed to pay $20 million to settle a class action lawsuit over the loss of a laptop.,"government, military",lost device,2,NULL,"GCN, US Gov",410
Automatic Data Processing,"Business outsourcing, payrolls, benefits",125000,2006,Jul,"Automatic Data Processing, one of the world's largest payroll service companies, confirmed that it was swindled by a data thief looking for information on investors.",finance,poor security,2,NULL,ABC News,411
KDDI,Japanese telecommunications operator,4000000,2006,Jun,"Tokyo police arrested two men for trying to extort nearly US$90,000. The pair allegedly threatened to disclose the existence of storage media containing personal data.",telecoms,hacked,1,NULL,Computer World,412
Hewlett Packard,NULL,200000,2006,Mar,"A laptop containing employee data was either lost or stolen. It included names, addresses, Social Security numbers, dates of birth and other employment-related information.","tech, retail",lost device,2,NULL,Computer Weekly,413
Ameritrade Inc.,online broker,200000,2005,Apr,A computer backup tape containing the personal information of customers between 2000 and 2003 was lost.,finance,lost device,2,NULL,NBC,414
Citigroup,NULL,3900000,2005,Jun,A box of computer tapes containing information on 3.9 million customers was lost in transit to a credit reporting agency.,finance,lost device,3,NULL,NY Times,415
Cardsystems Solutions Inc. ,"Third-party payment processor for Visa, Mastercard, Amex,  and Discover",40000000,2005,Jun,An unauthorized entity enabled access to cusomer credit card data. It's not clear how many of the 40 million accounts were stolen.,finance,hacked,3,NULL,Wired,416
AOL,American Online,92000000,2004,Jun,A former America Online software engineer stole 92 million screen names and e-mail addresses and sold them to spammers who sent out up to 7 billion unsolicited e-mails.,web,inside job,1,92000000,CNN,417
